,Symbol,Security,Sector,GICS Sub-Industry,Headquarters Location,Date added,CIK,Founded,MarketCap
0,MMM,3M,Industrials,Industrial Conglomerates,"Saint Paul, Minnesota",3/4/1957,66740,1902,81340913214
1,AOS,A. O. Smith,Industrials,Building Products,"Milwaukee, Wisconsin",7/26/2017,91142,1916,9414777871
2,ABT,Abbott Laboratories,Health Care,Health Care Equipment,"North Chicago, Illinois",3/4/1957,1800,1888,1.9204E+11
3,ABBV,AbbVie,Health Care,Biotechnology,"North Chicago, Illinois",12/31/2012,1551152,2013 (1888),4.02524E+11
4,ACN,Accenture,Information Technology,IT Consulting & Other Services,"Dublin, Ireland",7/6/2011,1467373,1989,1.24685E+11
5,ADBE,Adobe Inc.,Information Technology,Application Software,"San Jose, California",5/5/1997,796343,1982,1.11217E+11
6,AMD,Advanced Micro Devices,Information Technology,Semiconductors,"Santa Clara, California",3/20/2017,2488,1969,3.34226E+11
7,AES,AES Corporation,Utilities,Independent Power Producers & Energy Traders,"Arlington, Virginia",10/2/1998,874761,1981,10150400879
8,AFL,Aflac,Financials,Life & Health Insurance,"Columbus, Georgia",5/28/1999,4977,1955,56666382559
9,A,Agilent Technologies,Health Care,Life Sciences Tools & Services,"Santa Clara, California",6/5/2000,1090872,1999,32443121195
10,APD,Air Products,Materials,Industrial Gases,"Upper Macungie Township, Pennsylvania",4/30/1985,2969,1940,61813759854
11,ABNB,Airbnb,Consumer Discretionary,"Hotels, Resorts & Cruise Lines","San Francisco, California",9/18/2023,1559720,2008,79285720946
12,AKAM,Akamai Technologies,Information Technology,Internet Services & Infrastructure,"Cambridge, Massachusetts",7/12/2007,1086222,1998,15334957455
13,ALB,Albemarle Corporation,Materials,Specialty Chemicals,"Charlotte, North Carolina",7/1/2016,915913,1994,19633935585
14,ARE,Alexandria Real Estate Equities,Real Estate,Office REITs,"Pasadena, California",3/20/2017,1035443,1994,8702277654
15,ALGN,Align Technology,Health Care,Health Care Supplies,"Tempe, Arizona",6/19/2017,1097149,1997,12496696672
16,ALLE,Allegion,Industrials,Building Products,"Dublin, Ireland",12/2/2013,1579241,1908,12630220610
17,LNT,Alliant Energy,Utilities,Electric Utilities,"Madison, Wisconsin",7/1/2016,352541,1917,18326426020
18,ALL,Allstate,Financials,Property & Casualty Insurance,"Northbrook, Illinois",7/13/1995,899051,1931,53740789757
19,GOOGL,Alphabet Inc. (Class A),Communication Services,Interactive Media & Services,"Mountain View, California",4/3/2006,1652044,1998,3.73955E+12
20,GOOG,Alphabet Inc. (Class C),Communication Services,Interactive Media & Services,"Mountain View, California",4/3/2014,1652044,1998,3.73574E+12
21,MO,Altria,Consumer Staples,Tobacco,"Richmond, Virginia",3/4/1957,764180,1985,1.1143E+11
22,AMZN,Amazon,Consumer Discretionary,Broadline Retail,"Seattle, Washington",11/18/2005,1018724,1994,2.28579E+12
23,AMCR,Amcor,Materials,Paper & Plastic Packaging Products & Materials,"Warmley, Bristol, United Kingdom",6/7/2019,1748790,2019 (1860),19634631103
24,AEE,Ameren,Utilities,Multi-Utilities,"St. Louis, Missouri",9/19/1991,1002910,1902,30390111854
25,AEP,American Electric Power,Utilities,Electric Utilities,"Columbus, Ohio",3/4/1957,4904,1906,71058382964
26,AXP,American Express,Financials,Consumer Finance,"New York City, New York",6/30/1976,4962,1850,2.08367E+11
27,AIG,American International Group,Financials,Multi-line Insurance,"New York City, New York",3/31/1980,5272,1919,41987112037
28,AMT,American Tower,Real Estate,Telecom Tower REITs,"Boston, Massachusetts",11/19/2007,1053507,1995,86176381216
29,AWK,American Water Works,Utilities,Water Utilities,"Camden, New Jersey",3/4/2016,1410636,1886,25937374498
30,AMP,Ameriprise Financial,Financials,Asset Management & Custody Banks,"Minneapolis, Minnesota",10/3/2005,820027,1894,41456155323
31,AME,Ametek,Industrials,Electrical Components & Equipment,"Berwyn, Pennsylvania",9/23/2013,1037868,1930,51498910198
32,AMGN,Amgen,Health Care,Biotechnology,"Thousand Oaks, California",1/2/1992,318154,1980,2.0353E+11
33,APH,Amphenol,Information Technology,Electronic Components,"Wallingford, Connecticut",9/30/2008,820313,1932,1.64899E+11
34,ADI,Analog Devices,Information Technology,Semiconductors,"Wilmington, Massachusetts",10/12/1999,6281,1965,1.55454E+11
35,AON,Aon plc,Financials,Insurance Brokers,"London, United Kingdom",4/23/1996,315293,1982 (1919),68347263136
36,APA,APA Corporation,Energy,Oil & Gas Exploration & Production,"Houston, Texas",7/28/1997,1841666,1954,11542491709
37,APO,Apollo Global Management,Financials,Asset Management & Custody Banks,"New York City, New York",12/23/2024,1858681,1990,60961782239
38,AAPL,Apple Inc.,Information Technology,"Technology Hardware, Storage & Peripherals","Cupertino, California",11/30/1982,320193,1977,3.83057E+12
39,AMAT,Applied Materials,Information Technology,Semiconductor Materials & Equipment,"Santa Clara, California",3/16/1995,6951,1967,2.78716E+11
40,APP,AppLovin,Information Technology,Application Software,"Palo Alto, California",9/22/2025,1751008,2012,1.57377E+11
41,APTV,Aptiv,Consumer Discretionary,Automotive Parts & Equipment,"Schaffhausen, Switzerland",12/24/2012,1521332,1994,15387014659
42,ACGL,Arch Capital Group,Financials,Property & Casualty Insurance,"Hamilton, Bermuda",11/1/2022,947484,1995,34387818459
43,ADM,Archer Daniels Midland,Consumer Staples,Agricultural Products & Services,"Chicago, Illinois",3/4/1957,7084,1902,33883828286
44,ARES,Ares Management,Financials,Asset Management & Custody Banks,"Los Angeles, California",12/11/2025,1176948,1977,34495035881
45,ANET,Arista Networks,Information Technology,Communications Equipment,"Santa Clara, California",8/28/2018,1596532,2004,1.75607E+11
46,AJG,Arthur J. Gallagher & Co.,Financials,Insurance Brokers,"Rolling Meadows, Illinois",5/31/2016,354190,1927,54174825558
47,AIZ,Assurant,Financials,Multi-line Insurance,"Atlanta, Georgia",4/10/2007,1267238,1892,10828287231
48,T,AT&T,Communication Services,Integrated Telecommunication Services,"Dallas, Texas",11/30/1983,732717,1983 (1885),1.92195E+11
49,ATO,Atmos Energy,Utilities,Gas Utilities,"Dallas, Texas",2/15/2019,731802,1906,30449038516
50,ADSK,Autodesk,Information Technology,Application Software,"San Francisco, California",12/1/1989,769397,1982,53307399353
51,ADP,Automatic Data Processing,Industrials,Human Resource & Employment Services,"Roseland, New Jersey",3/31/1981,8670,1949,86097026379
52,AZO,AutoZone,Consumer Discretionary,Automotive Retail,"Memphis, Tennessee",1/2/1997,866787,1979,61015237385
53,AVB,AvalonBay Communities,Real Estate,Multi-Family Residential REITs,"Arlington, Virginia",1/10/2007,915912,1978,24464774424
54,AVY,Avery Dennison,Materials,Paper & Plastic Packaging Products & Materials,"Mentor, Ohio",12/31/1987,8818,1935,13319871462
55,AXON,Axon Enterprise,Industrials,Aerospace & Defense,"Scottsdale, Arizona",5/4/2023,1069183,1993,41695439435
56,BKR,Baker Hughes,Energy,Oil & Gas Equipment & Services,"Houston, Texas",7/7/2017,1701605,2017,58296073384
57,BALL,Ball Corporation,Materials,"Metal, Glass & Plastic Containers","Broomfield, Colorado",10/31/1984,9389,1880,16529451380
58,BAC,Bank of America,Financials,Diversified Banks,"Charlotte, North Carolina",6/30/1976,70858,1998 (1923 / 1874),3.51688E+11
59,BAX,Baxter International,Health Care,Health Care Equipment,"Deerfield, Illinois",9/30/1972,10456,1931,9227378682
60,BDX,Becton Dickinson,Health Care,Health Care Equipment,"Franklin Lakes, New Jersey",9/30/1972,10795,1897,59070407177
61,BRK.B,Berkshire Hathaway,Financials,Multi-Sector Holdings,"Omaha, Nebraska",2/16/2010,1067983,1839,
62,BBY,Best Buy,Consumer Discretionary,Computer & Electronics Retail,"Richfield, Minnesota",6/29/1999,764478,1966,13243733270
63,TECH,Bio-Techne,Health Care,Life Sciences Tools & Services,"Minneapolis, Minnesota",8/30/2021,842023,1976,8273250248
64,BIIB,Biogen,Health Care,Biotechnology,"Cambridge, Massachusetts",11/13/2003,875045,1978,28083712008
65,BLK,BlackRock,Financials,Asset Management & Custody Banks,"New York City, New York",4/4/2011,2012383,1988,1.47323E+11
66,BX,Blackstone Inc.,Financials,Asset Management & Custody Banks,"New York City, New York",9/18/2023,1393818,1985,1.32358E+11
67,XYZ,"Block, Inc.",Financials,Transaction & Payment Processing Services,none,7/23/2025,1512673,2009,39285543177
68,BK,BNY Mellon,Financials,Asset Management & Custody Banks,"New York City, New York",3/31/1995,1390777,1784,80146335149
69,BA,Boeing,Industrials,Aerospace & Defense,"Arlington, Virginia",3/4/1957,12927,1916,1.69479E+11
70,BKNG,Booking Holdings,Consumer Discretionary,"Hotels, Resorts & Cruise Lines","Norwalk, Connecticut",11/6/2009,1075531,1996,1.38992E+11
71,BSX,Boston Scientific,Health Care,Health Care Equipment,"Marlborough, Massachusetts",2/24/1995,885725,1979,1.02566E+11
72,BMY,Bristol Myers Squibb,Health Care,Pharmaceuticals,"New York City, New York",3/4/1957,14272,1989 (1887),1.21791E+11
73,AVGO,Broadcom,Information Technology,Semiconductors,"Palo Alto, California",5/8/2014,1730168,1961,1.62308E+12
74,BR,Broadridge Financial Solutions,Industrials,Data Processing & Outsourced Services,"Lake Success, New York",6/18/2018,1383312,1962,21335827666
75,BRO,Brown & Brown,Financials,Insurance Brokers,"Daytona Beach, Florida",9/20/2021,79282,1939,23353182625
76,BF.B,Brown���,Consumer Staples,Distillers & Vintners,"Louisville, Kentucky",10/31/1982,14693,1870,
77,BLDR,Builders FirstSource,Industrials,Building Products,"Irving, Texas",12/18/2023,1316835,1998,10180090652
78,BG,Bunge Global,Consumer Staples,Agricultural Products & Services,"Chesterfield, Missouri",3/15/2023,1996862,1818,23417985443
79,BXP,"BXP, Inc.",Real Estate,Office REITs,"Boston, Massachusetts",4/3/2006,1037540,1970,9168010260
80,CHRW,C.H. Robinson,Industrials,Air Freight & Logistics,"Eden Prairie, Minnesota",3/2/2007,1043277,1905,21061129261
81,CDNS,Cadence Design Systems,Information Technology,Application Software,"San Jose, California",9/18/2017,813672,1988,79915604998
82,CPT,Camden Property Trust,Real Estate,Multi-Family Residential REITs,"Houston, Texas",4/4/2022,906345,1981,10812957096
83,CPB,Campbell's Company (The),Consumer Staples,Packaged Foods & Meats,"Camden, New Jersey",3/4/1957,16732,1869,6924167954
84,COF,Capital One,Financials,Consumer Finance,"Tysons Corner, Virginia",7/1/1998,927628,1994,1.13353E+11
85,CAH,Cardinal Health,Health Care,Health Care Distributors,"Dublin, Ohio",5/27/1997,721371,1971,50744723276
86,CCL,Carnival,Consumer Discretionary,"Hotels, Resorts & Cruise Lines","Miami, Florida",12/22/1998,815097,1972,35722750959
87,CARR,Carrier Global,Industrials,Building Products,"Palm Beach Gardens, Florida",4/3/2020,1783180,"2020 (1915, United Technologies spinoff)",48859255653
88,CVNA,Carvana,Consumer Discretionary,Automotive Retail,"Tempe, Arizona",12/22/2025,1690820,2012,68076647482
89,CAT,Caterpillar Inc.,Industrials,Construction Machinery & Heavy Transportation Equipment,"Irving, Texas",3/4/1957,18230,1925,3.33028E+11
90,CBOE,Cboe Global Markets,Financials,Financial Exchanges & Data,"Chicago, Illinois",3/1/2017,1374310,1973,30153716157
91,CBRE,CBRE Group,Real Estate,Real Estate Services,"Dallas, Texas",11/10/2006,1138118,1906,38916237489
92,CDW,CDW Corporation,Information Technology,Technology Distributors,"Vernon Hills, Illinois",9/23/2019,1402057,1984,15366757649
93,COR,Cencora,Health Care,Health Care Distributors,"Conshohocken, Pennsylvania",8/30/2001,1140859,1985,68416443234
94,CNC,Centene Corporation,Health Care,Managed Health Care,"St. Louis, Missouri",3/30/2016,1071739,1984,17644744005
95,CNP,CenterPoint Energy,Utilities,Multi-Utilities,"Houston, Texas",7/31/1985,1130310,1882,28210789941
96,CF,CF Industries,Materials,Fertilizers & Agricultural Chemicals,"Deerfield, Illinois",8/27/2008,1324404,1946,18606215426
97,CRL,Charles River Laboratories,Health Care,Life Sciences Tools & Services,"Wilmington, Massachusetts",5/14/2021,1100682,1947,8233841558
98,SCHW,Charles Schwab Corporation,Financials,Investment Banking & Brokerage,"Westlake, Texas",6/2/1997,316709,1971,1.6394E+11
99,CHTR,Charter Communications,Communication Services,Cable & Satellite,"Stamford, Connecticut",9/8/2016,1091667,1993,29382397399
100,CVX,Chevron Corporation,Energy,Integrated Oil & Gas,"Houston, Texas",3/4/1957,93410,1879,3.80097E+11
101,CMG,Chipotle Mexican Grill,Consumer Discretionary,Restaurants,"Newport Beach, California",4/28/2011,1058090,1993,44726054359
102,CB,Chubb Limited,Financials,Property & Casualty Insurance,"Zurich, Switzerland",7/15/2010,896159,1985,1.27896E+11
103,CHD,Church & Dwight,Consumer Staples,Household Products,"Ewing, New Jersey",12/29/2015,313927,1847,23880934928
104,CIEN,Ciena,Information Technology,Communications Equipment,"Hanover, Maryland",2/9/2026,936395,1992,47902354780
105,CI,Cigna,Health Care,Health Care Services,"Bloomfield, Connecticut",6/30/1976,1739940,1982,69455386287
106,CINF,Cincinnati Financial,Financials,Property & Casualty Insurance,"Fairfield, Ohio",12/18/1997,20286,1950,25509027039
107,CTAS,Cintas,Industrials,Diversified Support Services,"Mason, Ohio",3/1/2001,723254,1929,80526046900
108,CSCO,Cisco,Information Technology,Communications Equipment,"San Jose, California",12/1/1993,858877,1984,3.09272E+11
109,C,Citigroup,Financials,Diversified Banks,"New York City, New York",5/31/1988,831001,1998,1.89731E+11
110,CFG,Citizens Financial Group,Financials,Regional Banks,"Providence, Rhode Island",1/29/2016,759944,1828,24845775552
111,CLX,Clorox,Consumer Staples,Household Products,"Oakland, California",3/31/1969,21076,1913,13759996690
112,CME,CME Group,Financials,Financial Exchanges & Data,"Chicago, Illinois",8/11/2006,1156375,1848,1.09738E+11
113,CMS,CMS Energy,Utilities,Multi-Utilities,"Jackson, Michigan",3/4/1957,811156,1886,23306372982
114,KO,Coca-Cola Company (The),Consumer Staples,Soft Drinks & Non-alcoholic Beverages,"Atlanta, Georgia",3/4/1957,21344,1886,3.33245E+11
115,CTSH,Cognizant,Information Technology,IT Consulting & Other Services,"Teaneck, New Jersey",11/17/2006,1058290,1994,30078528112
116,COIN,Coinbase,Financials,Financial Exchanges & Data,"New York City, New York",5/19/2025,1679788,2012,52852892540
117,CL,Colgate-Palmolive,Consumer Staples,Household Products,"New York City, New York",3/4/1957,21665,1806,72103254326
118,CMCSA,Comcast,Communication Services,Cable & Satellite,"Philadelphia, Pennsylvania",11/19/2002,1166691,1963,1.11467E+11
119,FIX,Comfort Systems USA,Industrials,Construction & Engineering,"Houston, Texas",12/22/2025,1035983,1997,49539808243
120,CAG,Conagra Brands,Consumer Staples,Packaged Foods & Meats,"Chicago, Illinois",8/31/1983,23217,1919,8206428672
121,COP,ConocoPhillips,Energy,Oil & Gas Exploration & Production,"Houston, Texas",3/4/1957,1163165,2002,1.41755E+11
122,ED,Consolidated Edison,Utilities,Multi-Utilities,"New York City, New York",3/4/1957,1047862,1823,40276145035
123,STZ,Constellation Brands,Consumer Staples,Distillers & Vintners,"Rochester, New York",7/1/2005,16918,1945,26279468994
124,CEG,Constellation Energy,Utilities,Electric Utilities,"Baltimore, Maryland",2/2/2022,1868275,1999,1.10016E+11
125,COO,Cooper Companies (The),Health Care,Health Care Supplies,"San Ramon, California",9/23/2016,711404,1958,14333103498
126,CPRT,Copart,Industrials,Diversified Support Services,"Dallas, Texas",7/2/2018,900075,1982,34901877892
127,GLW,Corning Inc.,Information Technology,Electronic Components,"Corning, New York",2/27/1995,24741,1851,1.13893E+11
128,CPAY,Corpay,Financials,Transaction & Payment Processing Services,"Atlanta, Georgia",6/20/2018,1175454,2000,23093155043
129,CTVA,Corteva,Materials,Fertilizers & Agricultural Chemicals,"Indianapolis, Indiana",6/3/2019,1755672,2019,52261839424
130,CSGP,CoStar Group,Real Estate,Real Estate Services,"Washington, D.C.",9/19/2022,1057352,1987,19364462739
131,COST,Costco,Consumer Staples,Consumer Staples Merchandise Retail,"Issaquah, Washington",10/1/1993,909832,1976,4.41886E+11
132,CTRA,Coterra,Energy,Oil & Gas Exploration & Production,"Houston, Texas",6/23/2008,858470,2021 (1989),23681716386
133,CRH,CRH plc,Materials,Construction Materials,"Dublin, Ireland",12/22/2025,849395,1970,69642408368
134,CRWD,CrowdStrike,Information Technology,Systems Software,"Austin, Texas",6/24/2024,1535527,2011,1.1121E+11
135,CCI,Crown Castle,Real Estate,Telecom Tower REITs,"Houston, Texas",3/14/2012,1051470,1994,38385100794
136,CSX,CSX Corporation,Industrials,Rail Transportation,"Jacksonville, Florida",3/4/1957,277948,1980,75377134564
137,CMI,Cummins,Industrials,Construction Machinery & Heavy Transportation Equipment,"Columbus, Indiana",3/31/1965,26172,1919,76473200767
138,CVS,CVS Health,Health Care,Health Care Services,"Woonsocket, Rhode Island",3/4/1957,64803,1996,96643508742
139,DHR,Danaher Corporation,Health Care,Life Sciences Tools & Services,"Washington, D.C.",11/18/1998,313616,1969,1.36973E+11
140,DRI,Darden Restaurants,Consumer Discretionary,Restaurants,"Orlando, Florida",5/31/1995,940944,1938,23707652389
141,DDOG,Datadog,Information Technology,Application Software,"New York City, New York",7/9/2025,1561550,2010,44500343891
142,DVA,DaVita,Health Care,Health Care Services,"Denver, Colorado",7/31/2008,927066,1979,10195809766
143,DECK,Deckers Brands,Consumer Discretionary,Footwear,"Goleta, California",3/18/2024,910521,1973,14950505236
144,DE,Deere & Company,Industrials,Agricultural & Farm Machinery,"Moline, Illinois",3/4/1957,315189,1837,1.61243E+11
145,DELL,Dell Technologies,Information Technology,"Technology Hardware, Storage & Peripherals","Round Rock, Texas",9/23/2024,1571996,2016,98831067679
146,DAL,Delta Air Lines,Industrials,Passenger Airlines,"Atlanta, Georgia",9/11/2013,27904,1929,38332240356
147,DVN,Devon Energy,Energy,Oil & Gas Exploration & Production,"Oklahoma City, Oklahoma",8/30/2000,1090012,1971,27877779718
148,DXCM,Dexcom,Health Care,Health Care Equipment,"San Diego, California",5/12/2020,1093557,1999,25928283072
149,FANG,Diamondback Energy,Energy,Oil & Gas Exploration & Production,"Midland, Texas",12/3/2018,1539838,2007,50346806529
150,DLR,Digital Realty,Real Estate,Data Center REITs,"Austin, Texas",5/18/2016,1297996,2004,63923266018
151,DG,Dollar General,Consumer Staples,Consumer Staples Merchandise Retail,"Goodlettsville, Tennessee",12/3/2012,29534,1939,32040502325
152,DLTR,Dollar Tree,Consumer Staples,Consumer Staples Merchandise Retail,"Chesapeake, Virginia",12/19/2011,935703,1986,23548086736
153,D,Dominion Energy,Utilities,Multi-Utilities,"Richmond, Virginia",11/30/2016,715957,1983,54836224715
154,DPZ,Domino's,Consumer Discretionary,Restaurants,"Ann Arbor, Michigan",5/12/2020,1286681,1960,13397584051
155,DASH,DoorDash,Consumer Discretionary,Specialized Consumer Services,"San Francisco, California",3/24/2025,1792789,2012,73559240727
156,DOV,Dover Corporation,Industrials,Industrial Machinery & Supplies & Components,"Downers Grove, Illinois",10/31/1985,29905,1955,28769259303
157,DOW,Dow Inc.,Materials,Commodity Chemicals,"Midland, Michigan",4/1/2019,1751788,2019 (1897),24560609969
158,DHI,D. R. Horton,Consumer Discretionary,Homebuilding,"Arlington, Texas",6/22/2005,882184,1978,41688366791
159,DTE,DTE Energy,Utilities,Multi-Utilities,"Detroit, Michigan",3/4/1957,936340,1995,30575205675
160,DUK,Duke Energy,Utilities,Electric Utilities,"Charlotte, North Carolina",6/30/1976,1326160,1904,1.01179E+11
161,DD,DuPont,Materials,Specialty Chemicals,"Wilmington, Delaware",6/3/2019,1666700,2017 (1802),19096896035
162,ETN,Eaton Corporation,Industrials,Electrical Components & Equipment,"Dublin, Ireland",3/4/1957,1551182,1911,1.40286E+11
163,EBAY,eBay Inc.,Consumer Discretionary,Broadline Retail,"San Jose, California",7/22/2002,1065088,1995,41394160828
164,ECL,Ecolab,Materials,Specialty Chemicals,"Saint Paul, Minnesota",1/31/1989,31462,1923,78617722278
165,EIX,Edison International,Utilities,Electric Utilities,"Rosemead, California",3/4/1957,827052,1886,27508702549
166,EW,Edwards Lifesciences,Health Care,Health Care Equipment,"Irvine, California",4/1/2011,1099800,1958,49243130127
167,EA,Electronic Arts,Communication Services,Interactive Home Entertainment,"Redwood City, California",7/22/2002,712515,1982,49878066927
168,ELV,Elevance Health,Health Care,Managed Health Care,"Indianapolis, Indiana",7/25/2002,1156039,2014 (1946),63655643020
169,EME,Emcor,Industrials,Construction & Engineering,"Norwalk, Connecticut",9/22/2025,105634,1994,32247313808
170,EMR,Emerson Electric,Industrials,Electrical Components & Equipment,"Ferguson, Missouri",3/31/1965,32604,1890,77732644563
171,ETR,Entergy,Utilities,Electric Utilities,"New Orleans, Louisiana",3/4/1957,65984,1913,47242310515
172,EOG,EOG Resources,Energy,Oil & Gas Exploration & Production,"Houston, Texas",11/2/2000,821189,1999,71593157515
173,EPAM,EPAM Systems,Information Technology,IT Consulting & Other Services,"Newtown, Pennsylvania",12/14/2021,1352010,1993,7810753867
174,EQT,EQT Corporation,Energy,Oil & Gas Exploration & Production,"Pittsburgh, Pennsylvania",10/3/2022,33213,1888,39220014526
175,EFX,Equifax,Industrials,Research & Consulting Services,"Atlanta, Georgia",6/19/1997,33185,1899,23313005135
176,EQIX,Equinix,Real Estate,Data Center REITs,"Redwood City, California",3/20/2015,1101239,1998,96184695947
177,EQR,Equity Residential,Real Estate,Multi-Family Residential REITs,"Chicago, Illinois",12/3/2001,906107,1969,23614584743
178,ERIE,Erie Indemnity,Financials,Insurance Brokers,"Erie, Pennsylvania",9/23/2024,922621,1925,12691012751
179,ESS,Essex Property Trust,Real Estate,Multi-Family Residential REITs,"San Mateo, California",4/2/2014,920522,1971,17222347546
180,EL,Est��e Lauder Companies (,Consumer Staples,Personal Care Products,"New York City, New York",1/5/2006,1001250,1946,33582737347
181,EG,Everest Group,Financials,Reinsurance,"Hamilton, Bermuda",6/19/2017,1095073,1973,13010070947
182,EVRG,Evergy,Utilities,Electric Utilities,"Kansas City, Missouri",6/5/2018,1711269,1909,18784068900
183,ES,Eversource Energy,Utilities,Electric Utilities,"Hartford, Connecticut",7/24/2009,72741,1966,27760464566
184,EXC,Exelon,Utilities,Electric Utilities,"Chicago, Illinois",3/4/1957,1109357,2000,50121736665
185,EXE,Expand Energy,Energy,Oil & Gas Exploration & Production,"Oklahoma City, Oklahoma",3/24/2025,895126,1989,25918538989
186,EXPE,Expedia Group,Consumer Discretionary,"Hotels, Resorts & Cruise Lines","Seattle, Washington",10/2/2007,1324424,1996,27902416754
187,EXPD,Expeditors International,Industrials,Air Freight & Logistics,"Seattle, Washington",10/10/2007,746515,1979,18890920715
188,EXR,Extra Space Storage,Real Estate,Self-Storage REITs,"Salt Lake City, Utah",1/19/2016,1289490,1977,31589534901
189,XOM,ExxonMobil,Energy,Integrated Oil & Gas,"Irving, Texas",3/4/1957,34088,1999,6.30556E+11
190,FFIV,"F5, Inc.",Information Technology,Communications Equipment,"Seattle, Washington",12/20/2010,1048695,1996,16311031505
191,FDS,FactSet,Financials,Financial Exchanges & Data,"Norwalk, Connecticut",12/20/2021,1013237,1978,7724971679
192,FICO,Fair Isaac,Information Technology,Application Software,"Bozeman, Montana",3/20/2023,814547,1956,27494428212
193,FAST,Fastenal,Industrials,Trading Companies & Distributors,"Winona, Minnesota",9/15/2008,815556,1967,53156127918
194,FRT,Federal Realty Investment Trust,Real Estate,Retail REITs,"Rockville, Maryland",2/1/2016,34903,1962,9255174927
195,FDX,FedEx,Industrials,Air Freight & Logistics,"Memphis, Tennessee",12/31/1980,1048911,1971,84900314776
196,FIS,Fidelity National Information Services,Financials,Transaction & Payment Processing Services,"Jacksonville, Florida",11/10/2006,1136893,1968,26141106330
197,FITB,Fifth Third Bancorp,Financials,Regional Banks,"Cincinnati, Ohio",3/29/1996,35527,1858,40762220482
198,FSLR,First Solar,Information Technology,Semiconductors,"Tempe, Arizona",12/19/2022,1274494,1999,21687552542
199,FE,FirstEnergy,Utilities,Electric Utilities,"Akron, Ohio",11/28/1997,1031296,1997,29220287156
200,FISV,Fiserv,Financials,Transaction & Payment Processing Services,"Brookfield, Wisconsin",4/2/2001,798354,1984,31674150642
201,F,Ford Motor Company,Consumer Discretionary,Automobile Manufacturers,"Dearborn, Michigan",3/4/1957,37996,1903,48232756079
202,FTNT,Fortinet,Information Technology,Systems Software,"Sunnyvale, California",10/11/2018,1262039,2000,61756255269
203,FTV,Fortive,Industrials,Industrial Machinery & Supplies & Components,"Everett, Washington",7/1/2016,1659166,2016,17678263611
204,FOXA,Fox Corporation (Class A),Communication Services,Broadcasting,"New York City, New York",3/19/2019,1754301,2019,24785702225
205,FOX,Fox Corporation (Class B),Communication Services,Broadcasting,"New York City, New York",3/19/2019,1754301,2019,24906656346
206,BEN,Franklin Resources,Financials,Asset Management & Custody Banks,"San Mateo, California",4/30/1998,38777,1947,12953116549
207,FCX,Freeport-McMoRan,Materials,Copper,"Phoenix, Arizona",7/1/2011,831259,1912,86749489815
208,GRMN,Garmin,Consumer Discretionary,Consumer Electronics,"Schaffhausen, Switzerland",12/12/2012,1121788,1989,45284965696
209,IT,Gartner,Information Technology,IT Consulting & Other Services,"Stamford, Connecticut",4/5/2017,749251,1979,11565499171
210,GE,GE Aerospace,Industrials,Aerospace & Defense,"Evendale, Ohio",3/4/1957,40545,1892,3.42076E+11
211,GEHC,GE HealthCare,Health Care,Health Care Equipment,"Chicago, Illinois",1/4/2023,1932393,1994,33028186171
212,GEV,GE Vernova,Industrials,Heavy Electrical Equipment,"Cambridge, Massachusetts",4/2/2024,1996810,2024,2.3013E+11
213,GEN,Gen Digital,Information Technology,Systems Software,"Tempe, Arizona",3/25/2003,849399,1982,13102134211
214,GNRC,Generac,Industrials,Electrical Components & Equipment,"Waukesha, Wisconsin",3/22/2021,1474735,1959,12441902429
215,GD,General Dynamics,Industrials,Aerospace & Defense,"Reston, Virginia",3/4/1957,40533,1899,95774754225
216,GIS,General Mills,Consumer Staples,Packaged Foods & Meats,"Golden Valley, Minnesota",3/4/1957,40704,1856,21908880979
217,GM,General Motors,Consumer Discretionary,Automobile Manufacturers,"Detroit, Michigan",6/6/2013,1467858,1908,69628767161
218,GPC,Genuine Parts Company,Consumer Discretionary,Distributors,"Atlanta, Georgia",12/31/1973,40987,1925,15299258387
219,GILD,Gilead Sciences,Health Care,Biotechnology,"Foster City, California",7/1/2004,882095,1987,1.83103E+11
220,GPN,Global Payments,Financials,Transaction & Payment Processing Services,"Atlanta, Georgia",4/25/2016,1123360,2000,20312439215
221,GL,Globe Life,Financials,Life & Health Insurance,"McKinney, Texas",4/30/1989,320335,1900,11278151958
222,GDDY,GoDaddy,Information Technology,Internet Services & Infrastructure,"Tempe, Arizona",6/24/2024,1609711,1997,11688396176
223,GS,Goldman Sachs,Financials,Investment Banking & Brokerage,"New York City, New York",7/22/2002,886982,1869,2.45235E+11
224,HAL,Halliburton,Energy,Oil & Gas Equipment & Services,"Houston, Texas",3/4/1957,45012,1919,29751499379
225,HIG,Hartford (The),Financials,Property & Casualty Insurance,"Hartford, Connecticut",3/4/1957,874766,1810,37944385714
226,HAS,Hasbro,Consumer Discretionary,Leisure Products,"Pawtucket, Rhode Island",9/30/1984,46080,1923,13259632692
227,HCA,HCA Healthcare,Health Care,Health Care Facilities,"Nashville, Tennessee",1/27/2015,860730,1968,1.20166E+11
228,DOC,Healthpeak Properties,Real Estate,Health Care REITs,"Denver, Colorado",3/31/2008,765880,1985,11798372114
229,HSIC,Henry Schein,Health Care,Health Care Distributors,"Melville, New York",3/17/2015,1000228,1932,9074228339
230,HSY,Hershey Company (The),Consumer Staples,Packaged Foods & Meats,"Hershey, Pennsylvania",3/4/1957,47111,1894,44144293921
231,HPE,Hewlett Packard Enterprise,Information Technology,"Technology Hardware, Storage & Peripherals","Houston, Texas",11/2/2015,1645590,2015,29026096491
232,HLT,Hilton Worldwide,Consumer Discretionary,"Hotels, Resorts & Cruise Lines","Tysons Corner, Virginia",6/19/2017,1585689,1919,68310374341
233,HOLX,Hologic,Health Care,Health Care Equipment,"Marlborough, Massachusetts",3/30/2016,859737,1985,16831548863
234,HD,Home Depot (The),Consumer Discretionary,Home Improvement Retail,"Atlanta, Georgia",3/31/1988,354950,1978,3.48539E+11
235,HON,Honeywell,Industrials,Industrial Conglomerates,"Charlotte, North Carolina",3/4/1957,773840,1906,1.62483E+11
236,HRL,Hormel Foods,Consumer Staples,Packaged Foods & Meats,"Austin, Minnesota",3/4/2009,48465,1891,12711565392
237,HST,Host Hotels & Resorts,Real Estate,Hotel & Resort REITs,"Bethesda, Maryland",3/20/2007,1070750,1993,13460034726
238,HWM,Howmet Aerospace,Industrials,Aerospace & Defense,"Pittsburgh, Pennsylvania",10/21/2016,4281,1888,1.01209E+11
239,HPQ,HP Inc.,Information Technology,"Technology Hardware, Storage & Peripherals","Palo Alto, California",12/31/1974,47217,1939 (2015),16913864154
240,HUBB,Hubbell Incorporated,Industrials,Industrial Machinery & Supplies & Components,"Shelton, Connecticut",10/18/2023,48898,1888,25481949973
241,HUM,Humana,Health Care,Managed Health Care,"Louisville, Kentucky",12/10/2012,49071,1961,20531463382
242,HBAN,Huntington Bancshares,Financials,Regional Banks,"Columbus, Ohio; Detroit, Michigan",8/28/1997,49196,1866,31806846922
243,HII,Huntington Ingalls Industries,Industrials,Aerospace & Defense,"Newport News, Virginia",1/3/2018,1501585,2011,16400696308
244,IBM,IBM,Information Technology,IT Consulting & Other Services,"Armonk, New York",3/4/1957,51143,1911,2.33012E+11
245,IEX,IDEX Corporation,Industrials,Industrial Machinery & Supplies & Components,"Northbrook, Illinois",8/9/2019,832101,1988,14500955723
246,IDXX,Idexx Laboratories,Health Care,Health Care Equipment,"Westbrook, Maine",1/5/2017,874716,1983,47612954695
247,ITW,Illinois Tool Works,Industrials,Industrial Machinery & Supplies & Components,"Glenview, Illinois",2/28/1986,49826,1912,78086351111
248,INCY,Incyte,Health Care,Biotechnology,"Wilmington, Delaware",2/28/2017,879169,1991,18979514054
249,IR,Ingersoll Rand,Industrials,Industrial Machinery & Supplies & Components,"Davidson, North Carolina",3/3/2020,1699150,1859,33643650737
250,PODD,Insulet Corporation,Health Care,Health Care Equipment,"Acton, Massachusetts",3/15/2023,1145197,2000,16787297958
251,INTC,Intel,Information Technology,Semiconductors,"Santa Clara, California",12/31/1976,50863,1968,2.40468E+11
252,IBKR,Interactive Brokers,Financials,Investment Banking & Brokerage,"Greenwich, Connecticut",8/28/2025,1381197,1977,1.15873E+11
253,ICE,Intercontinental Exchange,Financials,Financial Exchanges & Data,"Atlanta, Georgia",9/26/2007,1571949,2000,89138872914
254,IFF,International Flavors & Fragrances,Materials,Specialty Chemicals,"New York City, New York",3/31/1976,51253,1958 (1889),18016379942
255,IP,International Paper,Materials,Paper & Plastic Packaging Products & Materials,"Memphis, Tennessee",3/4/1957,51434,1898,20598773860
256,INTU,Intuit,Information Technology,Application Software,"Mountain View, California",12/5/2000,896878,1983,1.22338E+11
257,ISRG,Intuitive Surgical,Health Care,Health Care Equipment,"Sunnyvale, California",6/2/2008,1035267,1995,1.73925E+11
258,IVZ,Invesco,Financials,Asset Management & Custody Banks,"Atlanta, Georgia",8/21/2008,914208,1935,10541689043
259,INVH,Invitation Homes,Real Estate,Single-Family Residential REITs,"Dallas, Texas",9/19/2022,1687229,2012,15491030590
260,IQV,IQVIA,Health Care,Life Sciences Tools & Services,"Durham, North Carolina",8/29/2017,1478242,1982,29005973018
261,IRM,Iron Mountain,Real Estate,Other Specialized REITs,"Portsmouth, New Hampshire",1/6/2009,1020569,1951,31793409950
262,JBHT,J.B. Hunt,Industrials,Cargo Ground Transportation,"Lowell, Arkansas",7/1/2015,728535,1961,20130585980
263,JBL,Jabil,Information Technology,Electronic Manufacturing Services,"St. Petersburg, Florida",12/18/2023,898293,1966,26795470895
264,JKHY,Jack Henry & Associates,Financials,Transaction & Payment Processing Services,"Monett, Missouri",11/13/2018,779152,1976,12059477547
265,J,Jacobs Solutions,Industrials,Construction & Engineering,"Dallas, Texas",10/26/2007,52988,1947,15814399140
266,JNJ,Johnson & Johnson,Health Care,Pharmaceuticals,"New Brunswick, New Jersey",6/30/1973,200406,1886,5.84003E+11
267,JCI,Johnson Controls,Industrials,Building Products,"Cork, Ireland",8/27/2010,833444,1885,82117858419
268,JPM,JPMorgan Chase,Financials,Diversified Banks,"New York City, New York",6/30/1975,19617,2000 (1799 / 1871),7.74551E+11
269,KVUE,Kenvue,Consumer Staples,Personal Care Products,"Skillman, New Jersey",8/25/2023,1944048,2022 (Johnson & Johnson spinoff),33995350571
270,KDP,Keurig Dr Pepper,Consumer Staples,Soft Drinks & Non-alcoholic Beverages,"Burlington, Massachusetts",6/21/2022,1418135,1981,37336142679
271,KEY,KeyCorp,Financials,Regional Banks,"Cleveland, Ohio",3/1/1994,91576,1825,21335296635
272,KEYS,Keysight Technologies,Information Technology,Electronic Equipment & Instruments,"Santa Rosa, California",11/6/2018,1601046,2014 (1939),48633141693
273,KMB,Kimberly-Clark,Consumer Staples,Household Products,"Irving, Texas",3/4/1957,55785,1872,33261940494
274,KIM,Kimco Realty,Real Estate,Retail REITs,"Jericho, New York",4/4/2006,879101,1958,15605937003
275,KMI,Kinder Morgan,Energy,Oil & Gas Storage & Transportation,"Houston, Texas",5/25/2012,1506307,1997,74030436255
276,KKR,KKR & Co.,Financials,Asset Management & Custody Banks,"New York City, New York",6/24/2024,1404912,1976,81220673640
277,KLAC,KLA Corporation,Information Technology,Semiconductor Materials & Equipment,"Milpitas, California",9/30/1997,319201,1975/1977 (1997),1.95059E+11
278,KHC,Kraft Heinz,Consumer Staples,Packaged Foods & Meats,"Chicago, Illinois; Pittsburgh, Pennsylvania",7/6/2015,1637459,2015 (1869),27480634575
279,KR,Kroger,Consumer Staples,Food Retail,"Cincinnati, Ohio",3/4/1957,56873,1883,44293959625
280,LHX,L3Harris,Industrials,Aerospace & Defense,"Melbourne, Florida",9/22/2008,202058,"2019 (L3 1997, Harris 1895)",68316377187
281,LH,Labcorp,Health Care,Health Care Services,"Burlington, North Carolina",11/1/2004,920148,1978,22434812500
282,LRCX,Lam Research,Information Technology,Semiconductor Materials & Equipment,"Fremont, California",6/29/2012,707549,1980,2.77193E+11
283,LW,Lamb Weston,Consumer Staples,Packaged Foods & Meats,"Eagle, Idaho",12/3/2018,1679273,2016 (1950),6151018426
284,LVS,Las Vegas Sands,Consumer Discretionary,Casinos & Gaming,"Las Vegas, Nevada",10/3/2019,1300514,1988,37167113631
285,LDOS,Leidos,Industrials,Diversified Support Services,"Reston, Virginia",8/9/2019,1336920,1969,22286434893
286,LEN,Lennar,Consumer Discretionary,Homebuilding,"Miami, Florida",10/4/2005,920760,1954,24079924274
287,LII,Lennox International,Industrials,Building Products,"Richardson, Texas",12/23/2024,1069202,1895,17782251544
288,LLY,Lilly (Eli),Health Care,Pharmaceuticals,"Indianapolis, Indiana",12/31/1970,59478,1876,8.92817E+11
289,LIN,Linde plc,Materials,Industrial Gases,"Guildford, United Kingdom",7/1/1992,1707925,1879,2.20812E+11
290,LYV,Live Nation Entertainment,Communication Services,Movies & Entertainment,"Beverly Hills, California",12/23/2019,1335258,2010,38804539496
291,LMT,Lockheed Martin,Industrials,Aerospace & Defense,"Bethesda, Maryland",3/4/1957,936468,1995,1.5146E+11
292,L,Loews Corporation,Financials,Multi-line Insurance,"New York City, New York",5/31/1995,60086,1959,22544491407
293,LOW,Lowe's,Consumer Discretionary,Home Improvement Retail,"Mooresville, North Carolina",2/29/1984,60667,1904/1946/1959,1.38802E+11
294,LULU,Lululemon Athletica,Consumer Discretionary,"Apparel, Accessories & Luxury Goods","Vancouver, Canada",10/18/2023,1397187,1998,19510880661
295,LYB,LyondellBasell,Materials,Specialty Chemicals,"Rotterdam, Netherlands",9/5/2012,1489393,2007,21508068420
296,MTB,M&T Bank,Financials,Regional Banks,"Buffalo, New York",2/23/2004,36270,1856,31000968669
297,MPC,Marathon Petroleum,Energy,Oil & Gas Refining & Marketing,"Findlay, Ohio",7/1/2011,1510295,2009 (1887),67778345787
298,MAR,Marriott International,Consumer Discretionary,"Hotels, Resorts & Cruise Lines","Bethesda, Maryland",5/29/1998,1048286,1927,86171653979
299,MRSH,Marsh McLennan,Financials,Insurance Brokers,"New York City, New York",8/31/1987,62709,1905,84509420318
300,MLM,Martin Marietta Materials,Materials,Construction Materials,"Raleigh, North Carolina",7/2/2014,916076,1993,36038258613
301,MAS,Masco,Industrials,Building Products,"Livonia, Michigan",6/30/1981,62996,1929,12729515047
302,MA,Mastercard,Financials,Transaction & Payment Processing Services,"Harrison, New York",7/18/2008,1141391,1966,4.52542E+11
303,MTCH,Match Group,Communication Services,Interactive Media & Services,"Dallas, Texas",9/20/2021,891103,1986,7198960642
304,MKC,McCormick & Company,Consumer Staples,Packaged Foods & Meats,"Hunt Valley, Maryland",3/20/2003,63754,1889,16303596610
305,MCD,McDonald's,Consumer Discretionary,Restaurants,"Chicago, Illinois",6/30/1970,63908,1940,2.31233E+11
306,MCK,McKesson Corporation,Health Care,Health Care Distributors,"Irving, Texas",1/13/1999,927653,1833,1.15754E+11
307,MDT,Medtronic,Health Care,Health Care Equipment,"Galway, Ireland",10/31/1986,1613103,1949,1.14413E+11
308,MRK,Merck & Co.,Health Care,Pharmaceuticals,"Kenilworth, New Jersey",3/4/1957,310158,1891,2.88479E+11
309,META,Meta Platforms,Communication Services,Interactive Media & Services,"Menlo Park, California",12/23/2013,1326801,2004,1.65347E+12
310,MET,MetLife,Financials,Life & Health Insurance,"New York City, New York",12/11/2000,1099219,1868,46082884029
311,MTD,Mettler Toledo,Health Care,Life Sciences Tools & Services,"Columbus, Ohio",9/6/2016,1037646,1945,24897985280
312,MGM,MGM Resorts,Consumer Discretionary,Casinos & Gaming,"Paradise, Nevada",7/26/2017,789570,1986,9717683479
313,MCHP,Microchip Technology,Information Technology,Semiconductors,"Chandler, Arizona",9/7/2007,827054,1989,35346967951
314,MU,Micron Technology,Information Technology,Semiconductors,"Boise, Idaho",9/27/1994,723125,1978,4.72968E+11
315,MSFT,Microsoft,Information Technology,Systems Software,"Redmond, Washington",6/1/1994,789019,1975,3.00186E+12
316,MAA,Mid-America Apartment Communities,Real Estate,Multi-Family Residential REITs,"Memphis, Tennessee",12/2/2016,912595,1977,15347415632
317,MRNA,Moderna,Health Care,Biotechnology,"Cambridge, Massachusetts",7/21/2021,1682852,2010,22254835940
318,MOH,Molina Healthcare,Health Care,Managed Health Care,"Long Beach, California",3/2/2022,1179929,1980,7585950157
319,TAP,Molson Coors Beverage Company,Consumer Staples,Brewers,"Chicago, Illinois",6/30/1976,24545,"2005 (Molson 1786, Coors 1873)",8910414185
320,MDLZ,Mondelez International,Consumer Staples,Packaged Foods & Meats,"Chicago, Illinois",10/2/2012,1103982,2012,71711674177
321,MPWR,Monolithic Power Systems,Information Technology,Semiconductors,"Kirkland, Washington",2/12/2021,1280452,1997,52447711139
322,MNST,Monster Beverage,Consumer Staples,Soft Drinks & Non-alcoholic Beverages,"Corona, California",6/28/2012,865752,2012 (1935),74769232498
323,MCO,Moody's Corporation,Financials,Financial Exchanges & Data,"New York City, New York",7/1/1998,1059556,1909,78589601701
324,MS,Morgan Stanley,Financials,Investment Banking & Brokerage,"New York City, New York",7/29/1993,895421,1935,2.53252E+11
325,MOS,Mosaic Company (The),Materials,Fertilizers & Agricultural Chemicals,"Tampa, Florida",9/26/2011,1285785,2004 (1865 / 1909),8963173288
326,MSI,Motorola Solutions,Information Technology,Communications Equipment,"Chicago, Illinois",3/4/1957,68505,1928 (2011),77329801577
327,MSCI,MSCI Inc.,Financials,Financial Exchanges & Data,"New York City, New York",4/4/2018,1408198,1969,40708350053
328,NDAQ,"Nasdaq, Inc.",Financials,Financial Exchanges & Data,"New York City, New York",10/22/2008,1120193,1971,48743023918
329,NTAP,NetApp,Information Technology,"Technology Hardware, Storage & Peripherals","San Jose, California",6/25/1999,1002047,1992,19449525569
330,NFLX,Netflix,Communication Services,Movies & Entertainment,"Los Gatos, California",12/20/2010,1065280,1997,4.06543E+11
331,NEM,Newmont,Materials,Gold,"Denver, Colorado",6/30/1969,1164727,1921,1.25784E+11
332,NWSA,News Corp (Class A),Communication Services,Publishing,"New York City, New York",8/1/2013,1564708,2013 (News Corporation 1980),13972673433
333,NWS,News Corp (Class B),Communication Services,Publishing,"New York City, New York",9/18/2015,1564708,2013 (News Corporation 1980),15229408078
334,NEE,NextEra Energy,Utilities,Multi-Utilities,"Juno Beach, Florida",6/30/1976,753308,1984 (1925),1.91934E+11
335,NKE,"Nike, Inc.",Consumer Discretionary,"Apparel, Accessories & Luxury Goods","Washington County, Oregon",11/30/1988,320187,1964,82560983007
336,NI,NiSource,Utilities,Multi-Utilities,"Merrillville, Indiana",11/2/2000,1111711,1912,22247007923
337,NDSN,Nordson Corporation,Industrials,Industrial Machinery & Supplies & Components,"Westlake, Ohio",2/15/2022,72331,1935,15200472074
338,NSC,Norfolk Southern,Industrials,Rail Transportation,"Atlanta, Georgia",3/4/1957,702165,1881/1894 (1980),66800068681
339,NTRS,Northern Trust,Financials,Asset Management & Custody Banks,"Chicago, Illinois",1/30/1998,73124,1889,25753874537
340,NOC,Northrop Grumman,Industrials,Aerospace & Defense,"West Falls Church, Virginia[3]",3/4/1957,1133421,"1994 (Northrop 1939, Grumman 1930)",1.05315E+11
341,NCLH,Norwegian Cruise Line Holdings,Consumer Discretionary,"Hotels, Resorts & Cruise Lines","Miami-Dade County, Florida[4]",10/13/2017,1513761,2011 (1966),9299964678
342,NRG,NRG Energy,Utilities,Independent Power Producers & Energy Traders,"Houston, Texas",1/29/2010,1013871,1992,31784222870
343,NUE,Nucor,Materials,Steel,"Charlotte, North Carolina",4/30/1985,73309,1940,39148561821
344,NVDA,Nvidia,Information Technology,Semiconductors,"Santa Clara, California",11/30/2001,1045810,1993,4.51465E+12
345,NVR,"NVR, Inc.",Consumer Discretionary,Homebuilding,"Reston, Virginia",9/26/2019,906163,1980,18941652611
346,NXPI,NXP Semiconductors,Information Technology,Semiconductors,"Eindhoven, Netherlands",3/22/2021,1413447,1953,50541094540
347,ORLY,O���Reilly Auto,Consumer Discretionary,Automotive Retail,"Springfield, Missouri",3/27/2009,898173,1957,79649662636
348,OXY,Occidental Petroleum,Energy,Oil & Gas Exploration & Production,"Houston, Texas",3/4/1957,797468,1920,54062205394
349,ODFL,Old Dominion,Industrials,Cargo Ground Transportation,"Thomasville, North Carolina",12/9/2019,878927,1934,39450602103
350,OMC,Omnicom Group,Communication Services,Advertising,"New York City, New York",12/31/1997,29989,1986,25103798873
351,ON,ON Semiconductor,Information Technology,Semiconductors,"Phoenix, Arizona",6/21/2022,1097864,1999,23764469624
352,OKE,Oneok,Energy,Oil & Gas Storage & Transportation,"Tulsa, Oklahoma",3/15/2010,1039684,1906,53922076473
353,ORCL,Oracle Corporation,Information Technology,Application Software,"Austin, Texas",8/31/1989,1341439,1977,4.69813E+11
354,OTIS,Otis Worldwide,Industrials,Industrial Machinery & Supplies & Components,"Farmington, Connecticut",4/3/2020,1781335,"2020 (1853, United Technologies spinoff)",32950476476
355,PCAR,Paccar,Industrials,Construction Machinery & Heavy Transportation Equipment,"Bellevue, Washington",12/31/1980,75362,1905,61934586787
356,PKG,Packaging Corporation of America,Materials,Paper & Plastic Packaging Products & Materials,"Lake Forest, Illinois",7/26/2017,75677,1959,19984806406
357,PLTR,Palantir Technologies,Information Technology,Application Software,"Aventura, Florida",9/23/2024,1321655,2003,3.6137E+11
358,PANW,Palo Alto Networks,Information Technology,Systems Software,"Santa Clara, California",6/20/2023,1327567,2005,1.34134E+11
359,PSKY,Paramount Skydance Corporation,Communication Services,Movies & Entertainment,"Los Angeles, California",9/30/1994,2041610,2025 (Paramount Pictures 1912),11178557190
360,PH,Parker Hannifin,Industrials,Industrial Machinery & Supplies & Components,"Cleveland, Ohio",11/30/1985,76334,1917,1.18553E+11
361,PAYX,Paychex,Industrials,Human Resource & Employment Services,"Penfield, New York",10/1/1998,723531,1971,33829091721
362,PAYC,Paycom,Industrials,Human Resource & Employment Services,"Oklahoma City, Oklahoma",1/28/2020,1590955,1998,7138070139
363,PYPL,PayPal,Financials,Transaction & Payment Processing Services,"San Jose, California",7/20/2015,1633917,1998,42628304264
364,PNR,Pentair,Industrials,Industrial Machinery & Supplies & Components,"Worsley, United Kingdom",10/1/2012,77360,1966,14722041135
365,PEP,PepsiCo,Consumer Staples,Soft Drinks & Non-alcoholic Beverages,"Purchase, New York",3/4/1957,77476,1898,2.18747E+11
366,PFE,Pfizer,Health Care,Pharmaceuticals,"New York City, New York",3/4/1957,78003,1849,1.54644E+11
367,PCG,PG&E Corporation,Utilities,Multi-Utilities,"Oakland, California",10/3/2022,1004980,1905,40255784251
368,PM,Philip Morris International,Consumer Staples,Tobacco,"New York City, New York",3/31/2008,1413329,2008 (1847),2.59934E+11
369,PSX,Phillips 66,Energy,Oil & Gas Refining & Marketing,"Houston, Texas",5/1/2012,1534701,2012 (1917),67443214449
370,PNW,Pinnacle West Capital,Utilities,Multi-Utilities,"Phoenix, Arizona",10/4/1999,764622,1985,12177591028
371,PNC,PNC Financial Services,Financials,Diversified Banks,"Pittsburgh, Pennsylvania",4/30/1988,713676,1845,82631648408
372,POOL,Pool Corporation,Consumer Discretionary,Distributors,"Covington, Louisiana",10/7/2020,945841,1993,7762978668
373,PPG,PPG Industries,Materials,Specialty Chemicals,"Pittsburgh, Pennsylvania",3/4/1957,79879,1883,23306391274
374,PPL,PPL Corporation,Utilities,Electric Utilities,"Allentown, Pennsylvania",10/1/2001,922224,1920,28414422644
375,PFG,Principal Financial Group,Financials,Life & Health Insurance,"Des Moines, Iowa",7/22/2002,1126328,1879,19318777636
376,PG,Procter & Gamble,Consumer Staples,Personal Care Products,"Cincinnati, Ohio",3/4/1957,80424,1837,3.58548E+11
377,PGR,Progressive Corporation,Financials,Property & Casualty Insurance,"Mayfield Village, Ohio",8/4/1997,80661,1937,1.18617E+11
378,PLD,Prologis,Real Estate,Industrial REITs,"San Francisco, California",7/17/2003,1045609,1983,1.24449E+11
379,PRU,Prudential Financial,Financials,Life & Health Insurance,"Newark, New Jersey",7/22/2002,1137774,1875,32901659363
380,PEG,Public Service Enterprise Group,Utilities,Electric Utilities,"Newark, New Jersey",3/4/1957,788784,1903,41359898756
381,PTC,PTC Inc.,Information Technology,Application Software,"Boston, Massachusetts",4/20/2021,857005,1985,18890633415
382,PSA,Public Storage,Real Estate,Self-Storage REITs,"Glendale, California",8/19/2005,1393311,1972,52959070382
383,PHM,PulteGroup,Consumer Discretionary,Homebuilding,"Atlanta, Georgia",4/30/1984,822416,1956,23716913608
384,PWR,Quanta Services,Industrials,Construction & Engineering,"Houston, Texas",7/1/2009,1050915,1997,85543410304
385,QCOM,Qualcomm,Information Technology,Semiconductors,"San Diego, California",7/22/1999,804328,1985,1.44298E+11
386,DGX,Quest Diagnostics,Health Care,Health Care Services,"Secaucus, New Jersey",12/12/2002,1022079,1967,22349703357
387,Q,Qnity Electronics,Information Technology,Semiconductor Materials & Equipment,"Wilmington, Delaware",11/3/2025,2058873,2025,24195685906
388,RL,Ralph Lauren Corporation,Consumer Discretionary,"Apparel, Accessories & Luxury Goods","New York City, New York",2/2/2007,1037038,1967,20726976506
389,RJF,Raymond James Financial,Financials,Investment Banking & Brokerage,"St. Petersburg, Florida",3/20/2017,720005,1962,29265038429
390,RTX,RTX Corporation,Industrials,Aerospace & Defense,"Waltham, Massachusetts",3/4/1957,101829,1922,2.80303E+11
391,O,Realty Income,Real Estate,Retail REITs,"San Diego, California",4/7/2015,726728,1969,60334091697
392,REG,Regency Centers,Real Estate,Retail REITs,"Jacksonville, Florida",3/2/2017,910606,1963,14407357670
393,REGN,Regeneron Pharmaceuticals,Health Care,Biotechnology,"Tarrytown, New York",5/1/2013,872589,1988,82624254858
394,RF,Regions Financial Corporation,Financials,Regional Banks,"Birmingham, Alabama",8/28/1998,1281761,1971,23083774426
395,RSG,Republic Services,Industrials,Environmental & Facilities Services,"Phoenix, Arizona",12/5/2008,1060391,1998 (1981),69416543364
396,RMD,ResMed,Health Care,Health Care Equipment,"San Diego, California",7/26/2017,943819,1989,35166199283
397,RVTY,Revvity,Health Care,Health Care Equipment,"Waltham, Massachusetts",5/31/1985,31791,1937,10150519299
398,HOOD,Robinhood Markets,Financials,Investment Banking & Brokerage,"Menlo Park, California",9/22/2025,1783879,2013,70404477397
399,ROK,Rockwell Automation,Industrials,Electrical Components & Equipment,"Milwaukee, Wisconsin",3/12/2000,1024478,1903,41872368640
400,ROL,"Rollins, Inc.",Industrials,Environmental & Facilities Services,"Atlanta, Georgia",10/1/2018,84839,1948,26979652635
401,ROP,Roper Technologies,Information Technology,Electronic Equipment & Instruments,"Sarasota, Florida",12/23/2009,882835,1981,37904520670
402,ROST,Ross Stores,Consumer Discretionary,Apparel Retail,"Dublin, California",12/21/2009,745732,1982,69308969746
403,RCL,Royal Caribbean Group,Consumer Discretionary,"Hotels, Resorts & Cruise Lines","Miami, Florida",12/5/2014,884887,1997,77610293450
404,SPGI,S&P Global,Financials,Financial Exchanges & Data,"New York City, New York",3/4/1957,64040,1917,1.29868E+11
405,CRM,Salesforce,Information Technology,Application Software,"San Francisco, California",9/15/2008,1108524,1999,1.80382E+11
406,SNDK,Sandisk,Information Technology,"Technology Hardware, Storage & Peripherals","Milpitas, California",11/28/2025,2023554,1988,94386389241
407,SBAC,SBA Communications,Real Estate,Telecom Tower REITs,"Boca Raton, Florida",9/1/2017,1034054,1989,20136068299
408,SLB,Schlumberger,Energy,Oil & Gas Equipment & Services,"Houston, Texas",3/4/1957,87347,1926,72219523883
409,STX,Seagate Technology,Information Technology,"Technology Hardware, Storage & Peripherals","Dublin, Ireland",7/2/2012,1137789,1979,86200484289
410,SRE,Sempra,Utilities,Multi-Utilities,"San Diego, California",3/17/2017,1032208,1998,60902412955
411,NOW,ServiceNow,Information Technology,Systems Software,"Santa Clara, California",11/21/2019,1373715,2003,1.20713E+11
412,SHW,Sherwin-Williams,Materials,Specialty Chemicals,"Cleveland, Ohio",6/30/1964,89800,1866,80219560984
413,SPG,Simon Property Group,Real Estate,Retail REITs,"Indianapolis, Indiana",6/26/2002,1063761,2003,61494159357
414,SWKS,Skyworks Solutions,Information Technology,Semiconductors,"Irvine, California",3/12/2015,4127,2002,8335961388
415,SJM,J.M. Smucker Company (The),Consumer Staples,Packaged Foods & Meats,"Orrville, Ohio",11/6/2008,91419,1897,11537924457
416,SW,Smurfit Westrock,Materials,Paper & Plastic Packaging Products & Materials,"Dublin, Ireland",7/8/2024,2005951,1934,22186417905
417,SNA,Snap-on,Industrials,Industrial Machinery & Supplies & Components,"Kenosha, Wisconsin",9/30/1982,91440,1920,19295843227
418,SOLV,Solventum,Health Care,Health Care Technology,"Saint Paul, Minnesota",4/1/2024,1964738,2023,11676079766
419,SO,Southern Company,Utilities,Electric Utilities,"Atlanta, Georgia",3/4/1957,92122,1945,1.0754E+11
420,LUV,Southwest Airlines,Industrials,Passenger Airlines,"Dallas, Texas",7/1/1994,92380,1967,21730856698
421,SWK,Stanley Black & Decker,Industrials,Industrial Machinery & Supplies & Components,"New Britain, Connecticut",9/30/1982,93556,1843,11309945649
422,SBUX,Starbucks,Consumer Discretionary,Restaurants,"Seattle, Washington",6/7/2000,829224,1971,1.14534E+11
423,STT,State Street Corporation,Financials,Asset Management & Custody Banks,"Boston, Massachusetts",3/14/2003,93751,1792,34278618405
424,STLD,Steel Dynamics,Materials,Steel,"Fort Wayne, Indiana",12/22/2022,1022671,1993,26864130121
425,STE,Steris,Health Care,Health Care Equipment,"Dublin, Ireland",12/23/2019,1757898,1985,21545231835
426,SYK,Stryker Corporation,Health Care,Health Care Equipment,"Kalamazoo, Michigan",12/12/2000,310764,1941,1.33E+11
427,SMCI,Supermicro,Information Technology,"Technology Hardware, Storage & Peripherals","San Jose, California",3/18/2024,1375365,1993,19116342392
428,SYF,Synchrony Financial,Financials,Consumer Finance,"Stamford, Connecticut",11/18/2015,1601712,2003,23407518955
429,SNPS,Synopsys,Information Technology,Application Software,"Sunnyvale, California",3/16/2017,883241,1986,82536412147
430,SYY,Sysco,Consumer Staples,Food Distributors,"Houston, Texas",12/31/1986,96021,1969,40390615845
431,TMUS,T-Mobile US,Communication Services,Wireless Telecommunication Services,"Bellevue, Washington",7/15/2019,1283699,1994,2.40915E+11
432,TROW,T. Rowe Price,Financials,Asset Management & Custody Banks,"Baltimore, Maryland",7/29/2019,1113169,1937,19378354015
433,TTWO,Take-Two Interactive,Communication Services,Interactive Home Entertainment,"New York City, New York",3/19/2018,946581,1993,38655376440
434,TPR,"Tapestry, Inc.",Consumer Discretionary,"Apparel, Accessories & Luxury Goods","New York City, New York",9/1/2004,1116132,2017,30199141154
435,TRGP,Targa Resources,Energy,Oil & Gas Storage & Transportation,"Houston, Texas",10/12/2022,1389170,2005,50564186334
436,TGT,Target Corporation,Consumer Staples,Consumer Staples Merchandise Retail,"Minneapolis, Minnesota",12/31/1976,27419,1902,54051004997
437,TEL,TE Connectivity,Information Technology,Electronic Manufacturing Services,"Galway, Ireland",10/17/2011,1385157,2007,59577429044
438,TDY,Teledyne Technologies,Information Technology,Electronic Equipment & Instruments,"Thousand Oaks, California",6/22/2020,1094285,1960,30710639450
439,TER,Teradyne,Information Technology,Semiconductor Materials & Equipment,"North Reading, Massachusetts",9/21/2020,97210,1960,48753088963
440,TSLA,"Tesla, Inc.",Consumer Discretionary,Automobile Manufacturers,"Austin, Texas",12/21/2020,1318605,2003,1.52831E+12
441,TXN,Texas Instruments,Information Technology,Semiconductors,"Dallas, Texas",3/12/2001,97476,1930,1.81537E+11
442,TPL,Texas Pacific Land Corporation,Energy,Oil & Gas Exploration & Production,"Dallas, Texas",11/26/2024,1811074,1888,36035069444
443,TXT,Textron,Industrials,Aerospace & Defense,"Providence, Rhode Island",12/31/1978,217346,1923,16212780623
444,TMO,Thermo Fisher Scientific,Health Care,Life Sciences Tools & Services,"Waltham, Massachusetts",8/3/2004,97745,2006 (1902),1.83246E+11
445,TJX,TJX Companies,Consumer Discretionary,Apparel Retail,"Framingham, Massachusetts",9/30/1985,109198,1987,1.75889E+11
446,TKO,TKO Group Holdings,Communication Services,Movies & Entertainment,"New York City, New York",3/24/2025,1973266,2023,15932057033
447,TTD,Trade Desk (The),Communication Services,Advertising,"Ventura, California",7/18/2025,1671933,2009,12989414048
448,TSCO,Tractor Supply,Consumer Discretionary,Other Specialty Retail,"Brentwood, Tennessee",1/24/2014,916365,1938,25996489694
449,TT,Trane Technologies,Industrials,Building Products,"Dublin, Ireland",11/17/2010,1466258,1871,95662644083
450,TDG,TransDigm Group,Industrials,Aerospace & Defense,"Cleveland, Ohio",6/3/2016,1260221,1993,70679490530
451,TRV,Travelers Companies (The),Financials,Property & Casualty Insurance,"New York City, New York",8/21/2002,86312,1853,67043940069
452,TRMB,Trimble Inc.,Information Technology,Electronic Equipment & Instruments,"Westminster, Colorado",1/21/2021,864749,1978,16085836386
453,TFC,Truist Financial,Financials,Diversified Banks,"Charlotte, North Carolina",12/4/1997,92230,1872,56918352876
454,TYL,Tyler Technologies,Information Technology,Application Software,"Plano, Texas",6/22/2020,860731,1966,14892271568
455,TSN,Tyson Foods,Consumer Staples,Packaged Foods & Meats,"Springdale, Arkansas",8/10/2005,100493,1935,21091220189
456,USB,U.S. Bancorp,Financials,Diversified Banks,"Minneapolis, Minnesota",11/1/1999,36104,1968,80481441203
457,UBER,Uber,Industrials,Passenger Ground Transportation,"San Francisco, California",12/18/2023,1543151,2009,1.55183E+11
458,UDR,"UDR, Inc.",Real Estate,Multi-Family Residential REITs,"Highlands Ranch, Colorado",3/7/2016,74208,1972,13628904440
459,ULTA,Ulta Beauty,Consumer Discretionary,Other Specialty Retail,"Bolingbrook, Illinois",4/18/2016,1403568,1990,29389531297
460,UNP,Union Pacific Corporation,Industrials,Rail Transportation,"Omaha, Nebraska",3/4/1957,100885,1862,1.48455E+11
461,UAL,United Airlines Holdings,Industrials,Passenger Airlines,"Chicago, Illinois",9/3/2015,100517,1967,29408357735
462,UPS,United Parcel Service,Industrials,Air Freight & Logistics,"Sandy Springs, Georgia",7/22/2002,1090727,1907,85453595979
463,URI,United Rentals,Industrials,Trading Companies & Distributors,"Stamford, Connecticut",9/20/2014,1067701,1997,49542750141
464,UNH,UnitedHealth Group,Health Care,Managed Health Care,"Eden Prairie, Minnesota",7/1/1994,731766,1977,2.57998E+11
465,UHS,Universal Health Services,Health Care,Health Care Facilities,"King of Prussia, Pennsylvania",9/20/2014,352915,1979,11436030285
466,VLO,Valero Energy,Energy,Oil & Gas Refining & Marketing,"San Antonio, Texas",12/20/2002,1035002,1980,69417120092
467,VTR,Ventas,Real Estate,Health Care REITs,"Chicago, Illinois",3/4/2009,740260,1998,40744893480
468,VLTO,Veralto,Industrials,Environmental & Facilities Services,"Waltham, Massachusetts",10/2/2023,1967680,2023,22681962087
469,VRSN,Verisign,Information Technology,Internet Services & Infrastructure,"Reston, Virginia",2/1/2006,1014473,1995,21788671330
470,VRSK,Verisk Analytics,Industrials,Research & Consulting Services,"Jersey City, New Jersey",10/8/2015,1442145,1971,28182528518
471,VZ,Verizon,Communication Services,Integrated Telecommunication Services,"New York City, New York",11/30/1983,732712,1983 (1877),2.13183E+11
472,VRTX,Vertex Pharmaceuticals,Health Care,Biotechnology,"Boston, Massachusetts",9/23/2013,875320,1989,1.25221E+11
473,VTRS,Viatris,Health Care,Pharmaceuticals,"Pittsburgh, Pennsylvania",4/23/2004,1792044,1961,16320579174
474,VICI,Vici Properties,Real Estate,Hotel & Resort REITs,"New York City, New York",6/8/2022,1705696,2017,30749809669
475,V,Visa Inc.,Financials,Transaction & Payment Processing Services,"San Francisco, California",12/21/2009,1403161,1958,5.98319E+11
476,VST,Vistra Corp.,Utilities,Electric Utilities,"Irving, Texas",5/8/2024,1692819,2016,54689823582
477,VMC,Vulcan Materials Company,Materials,Construction Materials,"Birmingham, Alabama",6/30/1999,1396009,1909,35272346970
478,WRB,W. R. Berkley Corporation,Financials,Property & Casualty Insurance,"Greenwich, Connecticut",12/5/2019,11544,1967,25841439832
479,GWW,W. W. Grainger,Industrials,Industrial Machinery & Supplies & Components,"Lake Forest, Illinois",6/30/1981,277135,1927,52472121253
480,WAB,Wabtec,Industrials,Construction Machinery & Heavy Transportation Equipment,"Pittsburgh, Pennsylvania",2/27/2019,943452,1999 (1869),41834934379
481,WMT,Walmart,Consumer Staples,Consumer Staples Merchandise Retail,"Bentonville, Arkansas",8/31/1982,104169,1962,9.9254E+11
482,DIS,Walt Disney Company (The),Communication Services,Movies & Entertainment,"Burbank, California",6/30/1976,1744489,1923,1.79289E+11
483,WBD,Warner Bros. Discovery,Communication Services,Broadcasting,"New York City, New York",4/11/2022,1437107,2022 (Warner Bros. 1923),69034231774
484,WM,Waste Management,Industrials,Environmental & Facilities Services,"Houston, Texas",8/31/1998,823768,1968,95284047119
485,WAT,Waters Corporation,Health Care,Life Sciences Tools & Services,"Milford, Massachusetts",1/2/2002,1000697,1958,29048455590
486,WEC,WEC Energy Group,Utilities,Electric Utilities,"Milwaukee, Wisconsin",10/31/2008,783325,1896,37058488944
487,WFC,Wells Fargo,Financials,Diversified Banks,"San Francisco, California",6/30/1976,72971,1852,2.42118E+11
488,WELL,Welltower,Real Estate,Health Care REITs,"Toledo, Ohio",1/30/2009,766704,1970,1.43158E+11
489,WST,West Pharmaceutical Services,Health Care,Health Care Supplies,"Exton, Pennsylvania",5/22/2020,105770,1923,17022639198
490,WDC,Western Digital,Information Technology,"Technology Hardware, Storage & Peripherals","San Jose, California",7/1/2009,106040,1970,92247844172
491,WY,Weyerhaeuser,Real Estate,Timber REITs,"Seattle, Washington",10/1/1979,106535,1900,17134866300
492,WSM,"Williams-Sonoma, Inc.",Consumer Discretionary,Homefurnishing Retail,"San Francisco, California",3/24/2025,719955,1956,22043408927
493,WMB,Williams Companies,Energy,Oil & Gas Storage & Transportation,"Tulsa, Oklahoma",3/31/1975,107263,1908,90908724484
494,WTW,Willis Towers Watson,Financials,Insurance Brokers,"London, United Kingdom",1/5/2016,1140536,2016,27679008049
495,WDAY,"Workday, Inc.",Information Technology,Application Software,"Pleasanton, California",12/23/2024,1327811,2005,36703154022
496,WYNN,Wynn Resorts,Consumer Discretionary,Casinos & Gaming,"Paradise, Nevada",11/14/2008,1174922,2002,10722929079
497,XEL,Xcel Energy,Utilities,Multi-Utilities,"Minneapolis, Minnesota",3/4/1957,72903,1909,50939542733
498,XYL,Xylem Inc.,Industrials,Industrial Machinery & Supplies & Components,"White Plains, New York",11/1/2011,1524472,2011,29693486701
499,YUM,Yum! Brands,Consumer Discretionary,Restaurants,"Louisville, Kentucky",10/6/1997,1041061,1997,43399913179
500,ZBRA,Zebra Technologies,Information Technology,Electronic Equipment & Instruments,"Lincolnshire, Illinois",12/23/2019,877212,1969,10781513073
501,ZBH,Zimmer Biomet,Health Care,Health Care Equipment,"Warsaw, Indiana",8/7/2001,1136869,1927,18610238680
502,ZTS,Zoetis,Health Care,Pharmaceuticals,"Parsippany, New Jersey",6/21/2013,1555280,1952,52808268760
